{"cameraMode":{"drawMode":0,"name":"Shaded","section":"Shading Mode"},"sceneLighting":true,"audioPlay":false,"sceneViewState":{"showFog":true,"showMaterialUpdate":false,"showSkybox":true,"showFlares":true,"showImageEffects":true,"showParticleSystems":true},"in2DMode":false,"pivot":{"x":23.406391143798829,"y":-9.907544136047364,"z":13.235872268676758},"rotation":{"x":0.255925714969635,"y":0.32009419798851015,"z":-0.09032604843378067,"w":0.9078207015991211},"size":29.192909240722658,"orthographic":false}