{"cameraMode":{"drawMode":0,"name":"Shaded","section":"Shading Mode"},"sceneLighting":true,"audioPlay":false,"sceneViewState":{"showFog":true,"showMaterialUpdate":false,"showSkybox":true,"showFlares":true,"showImageEffects":true,"showParticleSystems":true},"in2DMode":false,"pivot":{"x":-3.747817277908325,"y":-5.375890731811523,"z":-41.33598327636719},"rotation":{"x":0.37072619795799258,"y":-0.11379830539226532,"z":0.045885518193244937,"w":0.920680582523346},"size":31.3951416015625,"orthographic":false}