{"cameraMode":{"drawMode":0,"name":"Shaded","section":"Shading Mode"},"sceneLighting":true,"audioPlay":false,"sceneViewState":{"showFog":true,"showMaterialUpdate":false,"showSkybox":true,"showFlares":true,"showImageEffects":true,"showParticleSystems":true},"in2DMode":false,"pivot":{"x":-1.002111792564392,"y":-11.985472679138184,"z":10.404908180236817},"rotation":{"x":0.26538535952568056,"y":-0.46031779050827029,"z":0.14623741805553437,"w":0.8345935940742493},"size":29.192909240722658,"orthographic":false}