{"cameraMode":{"drawMode":0,"name":"Shaded","section":"Shading Mode"},"sceneLighting":true,"audioPlay":false,"sceneViewState":{"showFog":true,"showMaterialUpdate":false,"showSkybox":true,"showFlares":true,"showImageEffects":true,"showParticleSystems":true},"in2DMode":false,"pivot":{"x":1.9174721240997315,"y":-0.39203378558158877,"z":-2.088578224182129},"rotation":{"x":0.4146891236305237,"y":0.16504250466823579,"z":-0.07669619470834732,"w":0.8916589021682739},"size":12.574446678161621,"orthographic":false}