{"cameraMode":{"drawMode":0,"name":"Shaded","section":"Shading Mode"},"sceneLighting":true,"audioPlay":false,"sceneViewState":{"showFog":true,"showMaterialUpdate":false,"showSkybox":true,"showFlares":true,"showImageEffects":true,"showParticleSystems":true},"in2DMode":false,"pivot":{"x":13.78726577758789,"y":-17.051559448242189,"z":22.725379943847658},"rotation":{"x":0.12826527655124665,"y":0.7401047348976135,"z":-0.1476312130689621,"w":0.6436449289321899},"size":39.79339599609375,"orthographic":false}